<?xml version="1.1" encoding="UTF-8"?>
<expression:EMFExpression xmi:version="2.0" xmlns:xmi="http://www.omg.org/XMI" xmlns:expression="http:///expression.ecore" id="tMap_5=>" expression="(row4.level_depth == 2) ? row4.name :  (row4.level_depth == 3 &amp;&amp; row4.level_depth == 3) ? row2.name : &quot;&quot;">
  <variables name="row4.position" value="null" talendType="id_Integer" nullable="true"/>
  <variables name="row4.id_category" value="null" talendType="id_Integer" nullable="true"/>
  <variables name="row4.id_parent" value="null" talendType="id_Integer" nullable="true"/>
  <variables name="row4.id_lang" value="null" talendType="id_Integer" nullable="true"/>
  <variables name="row4.name" value="null" talendType="id_String" nullable="true"/>
  <variables name="row4.level_depth" value="null" talendType="id_Integer" nullable="true"/>
  <variables name="row4.id_group" value="null" talendType="id_Integer" nullable="true"/>
  <variables name="row2.position" value="null" talendType="id_Integer" nullable="true"/>
  <variables name="row2.id_category" value="null" talendType="id_Integer" nullable="true"/>
  <variables name="row2.id_parent" value="null" talendType="id_Integer" nullable="true"/>
  <variables name="row2.id_lang" value="null" talendType="id_Integer" nullable="true"/>
  <variables name="row2.name" value="null" talendType="id_String" nullable="true"/>
  <variables name="row2.level_depth" value="null" talendType="id_Integer" nullable="true"/>
  <variables name="row2.id_group" value="null" talendType="id_Integer" nullable="true"/>
  <variables name="(row4.level_depth == 0 ) ? &quot;Racine&quot; : &quot;Accueil&quot; " value="null" talendType="id_String"/>
  <variables name="(row4.level_depth == 2) ? row4.name :  (row4.level_depth == 3 &amp;&amp; row4.level_depth == 3) ? row2.name : Var.var1 " value="null" talendType="id_String"/>
  <variables name="(row4.level_depth > 1) ? row4.name :  row2.name " value="null" talendType="id_String"/>
  <variables name="(row4.level_depth == 2) ? row4.name :  (row4.level_depth == 3 &amp;&amp; row4.level_depth == 3) ? row2.name : &quot;&quot; " value="null" talendType="id_String"/>
  <variables name="(row4.level_depth > 1) ? row4.name :  &quot;&quot; " value="null" talendType="id_String"/>
  <variables name="(row4.level_depth == 2) ? row4.name :   &quot;&quot; " value="null" talendType="id_String"/>
  <variables name="(row4.level_depth >= 2) ? row4.name :   &quot;&quot; " value="null" talendType="id_String"/>
  <variables name="(row4.level_depth >= 2) ? row2.name :   &quot;&quot; " value="null" talendType="id_String"/>
  <variables name="(row4.level_depth > 2) ? row4.name :  &quot;&quot; " value="null" talendType="id_String"/>
  <variables name="(row4.level_depth >1) ? row4.name :   &quot;&quot; " value="null" talendType="id_String"/>
  <variables name="(row4.level_depth >1) ? row2.name :   &quot;&quot; " value="null" talendType="id_String"/>
  <variables name="(row2.level_depth >1) ? row2.name :   &quot;&quot; " value="null" talendType="id_String"/>
  <variables name="(row2.level_depth >2) ? row2.name :   &quot;&quot; " value="null" talendType="id_String"/>
  <variables name="(row4.level_depth >2) ? row2.name :   &quot;&quot; " value="null" talendType="id_String"/>
  <variables name="(row4.level_depth >2 ) ? row2.name :   Var.var1 " value="null" talendType="id_String"/>
  <variables name="(row4.level_depth >2 ) ? row2.name :   &quot;&quot; " value="null" talendType="id_String"/>
</expression:EMFExpression>
